id,question_text,created_at
99,"가장 신비한 매력이 있는 사람은?","2023-03-31 15:22:53"
100,""이 사람으로 한 번 살아보고 싶다" 하는 사람은?","2023-03-31 15:22:53"
101,"미래의 틱톡커는?","2023-03-31 15:22:54"
102,"여기서 제일 특이한 친구는?","2023-03-31 15:22:54"
103,"가장 지켜주고 싶은 사람은?","2023-03-31 15:22:55"
104,"내 어깨를 내어줄 수 있는 사람은?","2023-03-31 15:22:56"
105,"볼 한 번 눌러보고 싶은 사람은?","2023-03-31 15:22:57"
106,"은근히 애교가 많을 것 같은 사람은?","2023-03-31 15:22:57"
107,"누가 봐도 좋아할 것 같은 호감인 사람은?","2023-03-31 15:22:57"
108,"가장 매력적인 사람은?","2023-03-31 15:22:58"
109,"와플을 좋아하는 친구는?","2023-03-31 15:22:58"
110,"내가 성별이 바뀐다면 만나고 싶은 사람은?","2023-03-31 15:22:58"
111,"마스크가 잘 어울리는 사람은?","2023-03-31 15:22:59"
112,"싸울 때 반드시 내 편에 두고 싶은 사람은?","2023-03-31 15:23:00"
113,"첫인상과 아예 반대라고 느낀 사람은?","2023-03-31 15:23:00"
114,"화나면 가장 무서울 것 같은 사람은?","2023-03-31 15:23:00"
115,"비율이 가장 좋은 사람은?","2023-03-31 15:23:00"
116,"대학가서 용될것 같은 사람은?","2023-03-31 15:23:01"
117,"조용한 매력이 있는 친구","2023-03-31 15:23:01"
118,"샤워 1시간 동안 할 것 같은 사람은?","2023-03-31 15:23:01"
119,"시간 약속을 제일 잘 지킬것 같은 사람은?","2023-03-31 15:23:02"
120,"본인 방이 제일 깨끗할거 같은 사람은?","2023-03-31 15:23:02"
121,"가장 어른스러운 사람은?","2023-03-31 15:23:03"
122,"비밀을 털어놓을 수 있는 사람은?","2023-03-31 15:23:03"
123,"의리하면 떠오르는 사람은?","2023-03-31 15:23:04"
124,"힘든 일이 있을때 털어놓고 얘기하고싶은 사람은?","2023-03-31 15:23:05"
125,"10년 후 1명에게만 연락할 수 있다면 누구한테 하고 싶어?","2023-03-31 15:23:05"
126,"가장 연애를 많이 했을 것 같은 사람은?","2023-03-31 15:23:06"
127,"같이 벚꽃보러 가고 싶은 사람은?","2023-03-31 15:23:06"
128,"결혼을 가장 빨리 할 것 같은 사람은?","2023-03-31 15:23:06"
129,"길에서 자주 번호를 따여봤을 것 같은 사람은?","2023-03-31 15:23:07"
130,"나를 웃게 만드는 사람은?","2023-03-31 15:23:08"
131,"눈빛이 제일 끌리는 사람은?","2023-03-31 15:23:09"
132,"내 이상형과 가장 가까운 사람은?","2023-03-31 15:23:09"
133,"내 친구에게 소개시켜주고 싶은 친구 한명은?","2023-03-31 15:23:10"
134,"복도에서 마주치면 괜히 한 번 더 보게되는 사람은?","2023-03-31 15:23:10"
135,"스킨십이 가장 능숙할 것 같은 사람은?","2023-03-31 15:23:11"
136,"자주 연락하면서 지내고 싶은 사람은?","2023-03-31 15:23:12"
137,"잘 때 전화하고 싶은 사람은?","2023-03-31 15:23:13"
138,"첫 키스를 가장 먼저 해봤을 것 같은 사람은?","2023-03-31 15:23:13"
139,"수능을 가장 잘 볼거 같은 사람은?","2023-03-31 15:23:14"
140,"머리가 제일 좋은 것 같은 사람은?","2023-03-31 15:23:15"
141,"은근 똑똑한 것 같은 사람은?","2023-03-31 15:23:16"
142,"학교생활을 가장 성실하게 하는 사람은?","2023-03-31 15:23:16"
143,"뭔가 스며드는 친구는?","2023-03-31 15:23:17"
144,"발냄새가 가장 향긋할 것 같은 사람은?","2023-03-31 15:23:17"
145,"은근히 신경쓰이는 사람은?","2023-03-31 15:23:18"
146,"본인과 가장 어울리는 옷을 입는 사람은?","2023-03-31 15:23:18"
147,"안경이 잘 어울리는 사람은?","2023-03-31 15:23:18"
148,"옷을 가장 센스있게 잘 입는 사람은?","2023-03-31 15:23:18"
149,"위아래 색깔 매치가 좋은 사람은?","2023-03-31 15:23:18"
150,"나중에 아티스트가 될 것 같은 사람은?","2023-03-31 15:23:18"
151,"모든 스포츠를 다 잘하는 사람은?","2023-03-31 15:23:19"
152,"숨겨진 댄싱 머신이라고 생각하는 사람은?","2023-03-31 15:23:19"
153,"어디 내놔도 노래로 꿀리지 않는 친구는?","2023-03-31 15:23:19"
154,"감성이 제일 풍부한 사람은?","2023-03-31 15:23:20"
155,"같이 있으면 마음이 따뜻해지는 사람은?","2023-03-31 15:23:21"
156,"늘 고마운 사람은?","2023-03-31 15:23:21"
157,"나에게 항상 응원과 용기를 주는 사람은?","2023-03-31 15:23:22"
158,"동생이 있다면 소개시켜주고 싶은 사람은?","2023-03-31 15:23:23"
159,"미워할 수 없는 친구는?","2023-03-31 15:23:24"
160,"성격이 가장 섬세한 사람은?","2023-03-31 15:23:24"
161,"화목한 가정을 꾸릴거 같은 사람은?","2023-03-31 15:23:25"
162,"연인에게 가장 잘 대해줄거 같은 사람은?","2023-03-31 15:23:26"
163,"10년 뒤에 가장 돈을 많이 벌었을 것 같은 사람은?","2023-03-31 15:23:26"
164,"가장 결혼을 성공적으로 할 것 같은 사람은?","2023-03-31 15:23:26"
165,"가장 센스있는 사람은?","2023-03-31 15:23:27"
166,"세상 제일 웃긴 사람은?","2023-03-31 15:23:27"
167,"성격이 가장 시원시원한 사람은?","2023-03-31 15:23:28"
168,"어른들에게 제일 잘 할것같은 사람은?","2023-03-31 15:23:28"
169,"축제에서 공연을 제일 잘 할거 같은 사람은?","2023-03-31 15:23:29"
170,"처음 보는 사람과 가장 빨리 친해질 것 같은 사람은?","2023-03-31 15:23:30"
171,"틱톡 팔로워가 가장 많을 것 같은 사람","2023-03-31 15:23:31"
172,"얘와 함께라면 어떤 상황이든 죽지는 않을 것 같다!","2023-04-01 11:09:12"
173,"가장 인사성이 좋은 사람은?","2023-04-01 11:09:12"
174,"사진보다 실물이 더 나은 사람은?","2023-04-01 11:09:13"
175,"뭘 입어도 느낌이 나는 사람은?","2023-04-01 11:09:13"
176,"무서운 놀이기구를 제일 잘탈것 같은 사람은?","2023-04-01 11:09:13"
177,"애교살이 매력적인 사람은?","2023-04-01 11:09:13"
178,"게임을 제일 잘할 것 같은 사람은?","2023-04-01 11:09:13"
179,"책을 제일 많이 읽은 것 같은 사람은?","2023-04-01 11:09:13"
180,"볼수록 매력있는 사람은?","2023-04-01 11:09:14"
181,"모두가 5살로 돌아간다면 가장 귀여울 것 같은 사람은?","2023-04-01 11:09:14"
182,"같이 캠핑가고 싶은 사람은?","2023-04-01 11:09:14"
183,"나의 자존감을 가장 많이 높여줬던 사람은?","2023-04-01 11:09:14"
184,"랩을 제일 잘할것 같은 사람은?","2023-04-01 11:09:14"
185,"나에게 차가 있다면 같이 드라이브 가고 싶은 사람은?","2023-04-01 11:09:14"
186,vote,"2023-04-01 11:09:15"
187,"같이 노래방을 가고 싶은 사람은?","2023-04-01 11:09:15"
188,"단기기억력 대박인 사람은?","2023-04-01 11:09:15"
189,"자신감이 제일 높을거 같은 사람은?","2023-04-01 11:09:15"
190,"팔씨름을 제일 잘할것 같은 사람은?","2023-04-01 11:09:16"
191,"많이 먹어도 몸무게가 그대로일 것 같은 사람은?","2023-04-01 11:09:16"
192,"늦은 밤, 같이 산책을 하고 싶은 사람은?","2023-04-01 11:09:16"
193,"모든 점이 완벽한 것 같은 사람은?","2023-04-01 11:09:16"
194,"스타벅스에서 책 읽으면서 라떼 마시는 이미지가 가장 어울리는 사람은?","2023-04-01 11:09:16"
195,"부러운 점이 제일 많은 사람은?","2023-04-01 11:09:17"
196,"따뜻하게 말해줘서 고마운 사람은?","2023-04-01 11:09:17"
197,"가장 잘생긴 사람은?","2023-04-01 11:09:17"
198,"안경을 벗으면 반전매력일 것 같은 사람은?","2023-04-01 11:09:17"
199,"무계획 여행을 떠났을 때 가장 재밌을 것 같은 사람은?","2023-04-01 11:09:17"
200,"과거에 첫인상이 특별했던 사람은?","2023-04-01 11:09:18"
201,"화장을 제일 잘하는 사람?","2023-04-01 11:09:18"
202,"같이 밥을 먹고싶은 사람은?","2023-04-01 11:09:18"
203,"티내지 않으면서 주위 사람들 다 배려하는 사람은?","2023-04-01 11:09:18"
204,"가장 줏대가 있는 사람은?","2023-04-01 11:09:18"
205,"항상 모두에게 좋은 말을 해주는 사람은?","2023-04-01 11:09:19"
206,"MBTI의 마스터일 것 같은 사람은?","2023-04-01 11:09:19"
207,"미래에 여기서 제일 유명해질거 같은 사람은?","2023-04-01 11:09:19"
208,"정장이 가장 잘 어울릴 것 같은 사람은?","2023-04-01 11:09:19"
209,"항상 좋은 냄새가 나는 사람은?","2023-04-01 11:09:20"
210,"친구들에게 가장 인정받는 사람은?","2023-04-01 11:09:20"
211,"앞으로의 인생을 가장 재미있게 살것 같은 사람은?","2023-04-01 11:09:20"
212,"같이 바다보러 떠나고싶은 사람은?","2023-04-01 11:09:20"
213,"가장 좋은 부모가 될것 같은 사람은?","2023-04-01 11:09:20"
214,"미래의 배우자가 제일 잘 생겼을거 같은 사람은?","2023-04-01 11:09:21"
215,"귀여운 행동을 제일 많이 하는 사람은?","2023-04-01 11:09:21"
216,"리더십이 가장 강한 사람은?","2023-04-01 11:09:21"
217,"하루 공부해서 남들 1주일 공부한 것 만큼 하는 사람은?","2023-04-01 11:09:21"
218,"아직 잘 모르지만, 더 알아가 보고싶은 사람은?","2023-04-01 11:09:21"
219,"마술이 눈속임이 아니라 마법이라고 생각할 것 같은 사람은?","2023-04-01 11:09:22"
220,"수다떨면 제일 재밌는 사람은?","2023-04-01 11:09:22"
221,"여기서 가장 예쁜 사람은?","2023-04-01 11:09:22"
222,"봄날 같이 피크닉 떠나고 싶은 사람은?","2023-04-01 11:09:22"
223,"무인도에 떨어진다면 같이 있고싶은 사람은?","2023-04-01 11:09:22"
224,"나중에 술을 제일 잘 마실거 같은 사람은?","2023-04-01 11:09:22"
225,"나 대신 흑기사를 해줄 것 같은 사람은?","2023-04-01 11:09:23"
226,"같이 밥 먹을 때 괜히 좀 더 챙겨주고 싶은 사람은?","2023-04-01 11:09:23"
227,"요리를 잘할거 같은 사람은?","2023-04-01 11:09:23"
228,"아이큐가 제일 높을것 같은 사람은?","2023-04-01 11:09:23"
229,"선생님들에게 가장 인기있는 사람은?","2023-04-01 11:09:23"
230,"같이 스몰토크 하다가 밤을 샐 것 같은 사람은?","2023-04-01 11:09:23"
231,"이번 주말에 같이 영화보고 싶은 사람은?","2023-04-01 11:09:23"
232,"취미가 제일 독특할거 같은 사람은?","2023-04-01 11:09:24"
233,"힘든 일이 있을때 제일 의지가 될것 같은 사람은?","2023-04-01 11:09:24"
234,"mbti에서 i를 가장 대표하는 사람은?","2023-04-01 11:09:24"
235,"가끔 생각나서 연락하고 싶은 사람은?","2023-04-01 11:09:24"
236,"고민을 잘 들어주는 사람은?","2023-04-01 11:09:24"
237,"이별 후 자기가 먼저 화해메시지 보낼 것 같은 사람?","2023-04-01 11:09:25"
238,"봐도 봐도 신기한 사람은?","2023-04-01 11:09:25"
239,"여기서 가장 귀여운 사람은?","2023-04-01 11:09:25"
240,"말투는 평범한데 왠지 귀여운 느낌이 드는 사람은?","2023-04-01 11:09:25"
241,"이 친구와 밤새 수다떨고 놀고싶은 사람은?","2023-04-01 11:09:25"
242,"츄리닝이 엄청 잘 어울리는 사람은?","2023-04-01 11:09:26"
243,"친구 중에 가장 좋은 학교에 갈거 같은 사람은?","2023-04-01 11:09:26"
244,"대학교에서 학생회장할 것 같은 사람은?","2023-04-01 11:09:26"
245,"매일 보고 싶은 사람은?","2023-04-01 11:09:26"
246,"제일 창의적인 사람은?","2023-04-01 11:09:26"
247,"피부가 제일 좋은거 같은 사람은?","2023-04-01 11:09:26"
248,"목소리가 좋은 사람은?","2023-04-01 11:09:27"
249,"봉사를 가장 잘 할거 같은 사람은?","2023-04-01 11:09:27"
250,"와이드한 느낌이 잘 어울리는 사람은?","2023-04-01 11:09:27"
251,"상견례 프리패스상인 사람은?","2023-04-01 11:09:27"
252,"손이 가장 이쁘게 생겼을거 같은 사람은?","2023-04-01 11:09:27"
253,"생각이 가장 깊은 사람은?","2023-04-01 11:09:28"
254,"여행을 가서 사진을 찍어달라고 맡기고 싶은 사람은?","2023-04-01 11:09:28"
255,"같이 요리를 해보고 싶은 사람은?","2023-04-01 11:09:28"
256,"항상 예쁜 신발을 신고 오는 사람은?","2023-04-01 11:09:28"
257,"가장 친해지고 싶었던 사람은?","2023-04-01 11:09:28"
258,"친구들에게 생일선물을 가장 많이 받을거 같은 사람은?","2023-04-01 11:09:29"
259,"러브레터를 기가 막히게 쓸 것 같은 사람은?","2023-04-01 11:09:29"
260,"필기 안해도 수업 내용을 다 기억할 것 같은 사람은?","2023-04-01 11:09:29"
261,"내가 가장 많이 웃겨줬던 사람?","2023-04-01 11:09:29"
262,"약속시간에 가장 먼저 나올 것 같은 사람은?","2023-04-01 11:09:29"
263,"내 생일에 꼭 연락왔으면 좋겠는 사람은?","2023-04-01 11:09:30"
264,"로맨스 영화 보면서 많이 울 것 같은 사람은?","2023-04-01 11:09:30"
265,"기쁜 일이 있을때 제일 먼저 알려주고 싶은 사람은?","2023-04-01 11:09:30"
266,"인사성이 가장 밝을 것 같은 사람은?","2023-04-01 11:09:30"
267,"여기서 가장 개성이 강한 사람은?","2023-04-01 11:09:31"
268,"웃는게 가장 이쁜 사람은?","2023-04-01 11:09:31"
269,"어떤 모임에서도 항상 리드를 할 것 같은 사람은?","2023-04-01 11:09:31"
270,"허당같은 모습이 귀여운 사람은?","2023-04-01 11:09:31"
271,"특이한 직업을 가지게 될 것 같은 사람은?","2023-04-01 11:09:32"
272,"길거리에서 틱톡/릴스 챌린지 잘할 것 같은 사람은?","2023-04-01 11:09:32"
273,"같이 쇼핑하면 가장 재밌는 사람은?","2023-04-01 11:09:32"
274,"가장 이성친구가 많을 것 같은 사람은?","2023-04-01 11:09:32"
275,"실수를 해도 화가 나지 않는 사람은?","2023-04-01 11:09:33"
276,"10년 후 미래에 같이 여행가보고 싶은 사람은?","2023-04-01 11:09:33"
277,"몇 년 전에 얘기했던걸 다 기억할 수 있을 것 같은 사람은?","2023-04-01 11:09:33"
278,"귀신의 집에서도 침착할 것 같은 사람은?","2023-04-01 11:09:33"
279,"계획을 짜임새있게 잘 세우는 사람은?","2023-04-01 11:09:33"
280,"소시지가 하나 남았을 때, 나눠줄 사람은?","2023-04-01 11:09:33"
281,"유튜버로 성공할 것 같은 사람은?","2023-04-01 11:09:34"
282,트렌드세터,"2023-04-01 11:09:34"
283,"10년이 지나도 늙지 않고 그대로일 것 같은 사람은?","2023-04-01 11:09:34"
284,"회사에 들어가면 매일 깔끔한 칼정장에 구두를 신고 향수를 뿌릴 것 같은 사람은?","2023-04-01 11:09:34"
285,"발표를 가장 당당하게 잘 할 것 같은 사람은?","2023-04-01 11:09:34"
286,"웃음이 가장 많은 사람은?","2023-04-01 11:09:35"
287,"2세가 가장 귀여울 것 같은 사람은?","2023-04-01 11:09:35"
288,"내 자식으로 태어나면 가장 좋을 것 같은 사람은?","2023-04-01 11:09:35"
289,"암산이 제일 빠를것 같은 사람은?","2023-04-01 11:09:35"
290,"모든 사람과 잘 지낼 것 같은 사람은?","2023-04-01 11:09:35"
291,"같이 있으면 시간 가는줄 모르겠는 사람은?","2023-04-01 11:09:36"
292,"생일 선물로 기프티콘 100개 넘게 받을 것 같은 사람은?","2023-04-01 11:09:36"
293,"청소를 제일 잘할거 같은 사람은?","2023-04-01 11:09:36"
294,"공부를 남에게 잘 가르쳐줄 거 같은 사람은?","2023-04-01 11:09:36"
295,"어릴 때 가장 말을 잘 들었을거 같은 사람은?","2023-04-01 11:09:36"
296,"무서운 놀이기구를 제일 못탈것 같은 사람은?","2023-04-01 11:09:36"
297,"공과사를 가장 구분 잘할거 같은 사람은?","2023-04-01 11:09:36"
298,"옷이 제일 많을 거 같은 사람은?","2023-04-01 11:09:36"
299,"키가 더 커질거 같은 사람은?","2023-04-01 11:09:37"
300,"롯데월드보다 에버랜드를 더 좋아할 것 같은 사람은?","2023-04-01 11:09:37"
301,"운이 가장 좋은 것같은 사람은?","2023-04-01 11:09:37"
302,"컴퓨터에 대해서 가장 잘 알거 같은 사람은?","2023-04-01 11:09:37"
303,"해외여행을 같이 떠나보고 싶은 사람은?","2023-04-01 11:09:37"
304,"모성애를 불러일으키는 사람은?","2023-04-01 11:09:37"
305,"먹방을 가장 잘할 것 같은 사람은?","2023-04-01 11:09:38"
306,"나중에 알바를 할 때 가장 일을 잘 할거 같은 사람은?","2023-04-01 11:09:38"
307,"이성에게 가장 인기가 많을것 같은 사람은?","2023-04-01 11:09:38"
308,"매너가 제일 좋은 사람은?","2023-04-01 11:09:38"
309,"흰티에 청바지가 잘 어울릴것 같은 사람은?","2023-04-01 11:09:38"
310,"반려동물과 가장 잘 지낼거 같은 사람은?","2023-04-01 11:09:39"
311,"연락을 제일 잘 하는 사람은?","2023-04-01 11:09:39"
312,"시간을 가장 효율적이게 쓰는 사람은?","2023-04-01 11:09:39"
313,"말을 제일 예쁘게 하는 사람은?","2023-04-01 11:09:39"
314,"학교에서 짝으로 같이 지내고 싶은 사람은?","2023-04-01 11:09:40"
315,"가장 착하고 순한 사람은?","2023-04-01 11:09:40"
316,"인스타 팔로워가 가장 많을 것 같은 사람은?","2023-04-01 11:09:40"
317,"미래에 해외로 봉사를 갈거 같은 사람은?","2023-04-01 11:09:40"
318,"주위 친구들에게 절대 피해주지 않는 사람은?","2023-04-01 11:09:40"
319,"남의 고민을 가장 잘 들어줄거 같은 사람은?","2023-04-01 11:09:41"
320,"함께한 추억이 가장 많은 사람은?","2023-04-01 11:09:41"
321,"한 명과 룸메이트를 한다면 누구를 고를까?","2023-04-01 11:09:41"
322,"긴 생머리가 가장 잘 어울릴 것 같은 사람은?","2023-04-01 11:09:41"
323,"주변 사람들을 제일 많이 챙겨주는 사람은?","2023-04-01 11:09:41"
324,"애초에 뇌지컬이 넘사벽인 사람은?","2023-04-01 11:09:42"
325,"드라마 결말을 잘 맞출것 같은 사람은?","2023-04-01 11:09:42"
326,"나중에 가장 운전을 잘할 거 같은 사람은?","2023-05-02 05:32:32"
327,"누가 잡아가도 다 헤쳐나올 수 있을 것 같은 사람은?","2023-05-02 05:32:32"
328,"대학 교수님들께 가장 이쁨 받을 것 같은 사람은?","2023-05-02 05:32:32"
329,"동생들에게 제일 친근할 거 같은 사람은?","2023-05-02 05:32:33"
330,"말하는게 제일 재밌고 웃긴 사람은?","2023-05-02 05:32:33"
331,"미래에 회사의 사장이 될 거 같은 사람은?","2023-05-02 05:32:33"
332,"선물 고르는 센스가 가장 좋을 것 같은 사람은?","2023-05-02 05:32:33"
333,"순발력이 제일 좋은 것 같은 사람은?","2023-05-02 05:32:34"
334,"술을 제일 잘 마실거 같은 사람은?","2023-05-02 05:32:34"
335,"알잘딱깔센이 가장 잘 어울리는 사람은?","2023-05-02 05:32:34"
336,"제대로 놀 때 부르고 싶은 친구는?","2023-05-02 05:32:34"
337,"mbti에서 E를 가장 대표하는 사람은?","2023-05-02 05:32:35"
338,"고민상담을 하고 싶은 사람은?","2023-05-02 05:32:35"
339,"말을 이쁘게 해서 가끔 설레게 되는 친구는?","2023-05-02 05:32:35"
340,"사귀면 정말 잘해줄 것 같은 사람은?","2023-05-02 05:32:36"
341,"살면서 제일 사고를 안 쳤을거 같은 사람은?","2023-05-02 05:32:36"
342,"어른들에게 제일 예의 바른 사람은?","2023-05-02 05:32:36"
343,"연락을 잘 받아주는 친구는?","2023-05-02 05:32:36"
344,"자기보다 남을 더 잘 챙겨주는 착한 사람은?","2023-05-02 05:32:37"
345,"같이 코인노래방을 가고 싶은 사람은?","2023-05-02 05:32:37"
346,"그림 그리는 감각이 멋있는 친구는?","2023-05-02 05:32:37"
347,"노래 부를 때 감성이 가장 좋은 사람은?","2023-05-02 05:32:37"
348,"농구하는 모습이 멋진 사람은?","2023-05-02 05:32:37"
349,"사랑 노래를 가장 잘 부를 것 같은 사람은?","2023-05-02 05:32:37"
350,"어디 내놔도 춤으로 꿀리지 않는 친구는?","2023-05-02 05:32:38"
351,"운동하는 모습이 멋진 사람은?","2023-05-02 05:32:38"
352,"축구하는 모습이 멋진 사람은?","2023-05-02 05:32:38"
353,"춤을 잘 춰서 멋있는 친구는?","2023-05-02 05:32:38"
354,"가장 시크한 느낌의 친구는?","2023-05-02 05:32:39"
355,"머리스타일이 가장 맘에 드는 사람은?","2023-05-02 05:32:39"
356,"옷 스타일이 가장 확실한 사람은?","2023-05-02 05:32:39"
357,"옷빨을 제일 잘 받는 사람은?","2023-05-02 05:32:39"
358,"유행에 가장 잘 따라가는 사람은?","2023-05-02 05:32:39"
359,"패션 감각을 배우고 싶은 사람은?","2023-05-02 05:32:39"
360,"후드티가 완전 잘 어울리는 사람은?","2023-05-02 05:32:40"
361,"노잼개그를 치는데 점점 웃긴 것 같은 사람은?","2023-05-02 05:32:40"
362,"땀냄새가 가장 좋을 것 같은 사람은?","2023-05-02 05:32:40"
363,"생각할수록 괜찮은 것 같은 사람은?","2023-05-02 05:32:41"
364,"가장 좋은 학교에 갈거 같은 사람은?","2023-05-02 05:32:41"
365,"공부를 가장 잘하는 사람은?","2023-05-02 05:32:41"
366,"국어 ACE","2023-05-02 05:32:42"
367,"글쓰기를 제일 잘할거 같은 사람은?","2023-05-02 05:32:42"
368,"기본 상식이 제일 많을거 같은 사람은?","2023-05-02 05:32:42"
369,"내 자식을 낳으면 이 친구에게 공부를 배웠으면 좋겠는 사람은?","2023-05-02 05:32:42"
370,"노력형보다 천재형인 것 같은 사람은?","2023-05-02 05:32:43"
371,"매일 노는데 연고대 합격할 것 같은 사람은?","2023-05-02 05:32:43"
372,"수학 ACE","2023-05-02 05:32:43"
373,"영어 ACE","2023-05-02 05:32:43"
374,"외국어를 가장 많이 할 수 있을거 같은 사람은?","2023-05-02 05:32:44"
375,"가장 예쁘고 잘생긴 사람은?","2023-05-02 05:32:44"
376,"같이 카페에서 공부하고 싶은 사람은?","2023-05-02 05:32:44"
377,"나와 취향이 가장 잘 맞을 것 같은 사람은?","2023-05-02 05:32:44"
378,"땀 흘리는게 제일 멋진 사람은?","2023-05-02 05:32:45"
379,"롯데월드 둘이서 가고 싶은 사람은?","2023-05-02 05:32:45"
380,"마니또를 정한다면 누구랑 할래?","2023-05-02 05:32:45"
381,"손 잡고 싶은 사람은?","2023-05-02 05:32:46"
382,"양다리를 걸쳐도 용서받을 수 있을 것 같은 사람은?","2023-05-02 05:32:46"
383,"워터파크 같이 가고싶은 사람은?","2023-05-02 05:32:46"
384,"입술 색깔이 가장 빨간 사람은?","2023-05-02 05:32:46"
385,"자주 보고 싶은 사람은?","2023-05-02 05:32:47"
386,"장난치는척 손 한 번 잡아보고 싶은 사람은?","2023-05-02 05:32:47"
387,"주짓수 같이 하고 싶은 사람은?","2023-05-02 05:32:47"
388,"첫인상이 가장 끌렸던 사람은?","2023-05-02 05:32:47"
389,"친한 친구와 사랑에 빠질 가능성이 가장 높은 사람은?","2023-05-02 05:32:47"
390,"커플요가를 같이 하고싶은 사람은?","2023-05-02 05:32:48"
391,"플러팅을 제일 잘하는 사람은?","2023-05-02 05:32:48"
392,"피크닉 가고싶은 사람은?","2023-05-02 05:32:48"
393,"함께 영화관에 가고 싶은 사람은?","2023-05-02 05:32:48"
394,"고민이 있을 때 얘기하고 싶은 사람은?","2023-05-02 05:32:49"
395,"과묵한 매력이 있는 사람은?","2023-05-02 05:32:49"
396,"귀신의 집에서 나를 가장 잘 지켜줄 것 같은 사람은?","2023-05-02 05:32:49"
397,"기대고 싶은 사람은?","2023-05-02 05:32:49"
398,"등빨이 가장 좋은 사람은?","2023-05-02 05:32:50"
399,"무슨 일이 있어도 내 편이 되어줄 것 같은 사람은?","2023-05-02 05:32:50"
400,"어려운 일을 잘 도와줄 것 같은 사람은?","2023-05-02 05:32:50"
401,"제일 듬직한 사람은?","2023-05-02 05:32:51"
402,"제일 성숙한 것 같은 사람은?","2023-05-02 05:32:51"
403,"존재만으로도 힘이 되는 사람은?","2023-05-02 05:32:51"
404,"매장 환불을 가장 똑부러지게 잘 할 것같은 사람은?","2023-05-02 05:32:51"
405,"양치를 제일 꼼꼼하게 할 것 같은 사람은?","2023-05-02 05:32:51"
406,"가장 꿈이 클 것 같은 사람은?","2023-05-02 05:32:52"
407,"가장 빨리 다시 만날 것 같은 사람?","2023-05-02 05:32:52"
408,"가장 카리스마가 있는 사람은?","2023-05-02 05:32:52"
409,"향기가 좋은 사람은?","2023-05-02 05:32:52"
410,"발냄새가 호두과자 냄새일 것 같은 사람은?","2023-05-02 05:32:52"
411,"노는걸 제일 좋아하는 사람은?","2023-05-02 05:32:53"
412,"릴스 보느라 잠을 못 잘 것 같은 사람은?","2023-05-02 05:32:53"
413,"만약 동성을 만난다면 이 중 누구?","2023-05-02 05:32:53"
414,"말빨로 다 해결할 것 같은 사람은?","2023-05-02 05:32:53"
415,"목선이 가장 이쁜 사람은?","2023-05-02 05:32:53"
416,"발가락에서 페브리즈향이 날 것 같은 사람은?","2023-05-02 05:32:54"
417,"범인 다 때려잡는 경찰이 될 것 같은 사람은?","2023-05-02 05:32:54"
418,"비트코인으로 대박날 것 같은 사람은?","2023-05-02 05:32:54"
419,"상상력 G.O.A.T","2023-05-02 05:32:54"
420,"성인이 되고, 술이 제일 셀것 같은 사람은?","2023-05-02 05:32:55"
421,"세상 제일 착한 친구","2023-05-02 05:32:55"
422,"신비스러운 느낌이 드는 사람은?","2023-05-02 05:32:55"
423,"아이컨택 10초 하고 싶은 사람은?","2023-05-02 05:32:55"
424,"어깨가 가장 넓은 사람은?","2023-05-02 05:32:56"
425,"닮은꼴 연예인이 있는 사람은?","2023-05-02 05:32:56"
426,"왠지 궁금해지는 사람은?","2023-05-02 05:32:56"
427,"요즘 유행하는 밈을 다 알고 있을 것 같은 사람은?","2023-05-02 05:32:56"
428,"의외로 눈물이 많을 것 같은 사람은?","2023-05-02 05:32:57"
429,"의외로 요리를 잘할 것 같은 사람은?","2023-05-02 05:32:57"
430,"이 친구 굉장하다","2023-05-02 05:32:57"
431,"이 친구 폼 미쳤다","2023-05-02 05:32:57"
432,"매일 탕후루 하나씩 먹을 것 같은 사람은?","2023-05-02 05:32:58"
433,"토스트만 먹고도 살 것 같은 사람은?","2023-05-02 05:32:58"
434,"침착한 매력이 있는 친구","2023-05-02 05:32:58"
435,"패싸움이 났을 때 제일 먼저 부르고 싶은 사람은?","2023-05-02 05:32:58"
436,"평생 갈 것 같은 친구는?","2023-05-02 05:32:58"
437,"ENFJ에 가장 가까울 것 같은 사람은?","2023-05-02 05:32:59"
438,"ENFP에 가장 가까울 것 같은 사람은?","2023-05-02 05:32:59"
439,"ENTJ에 가장 가까울 것 같은 사람은?","2023-05-02 05:32:59"
440,"ENTP에 가장 가까울 것 같은 사람은?","2023-05-02 05:33:00"
441,"ESFJ에 가장 가까울 것 같은 사람은?","2023-05-02 05:33:00"
442,"ESFP에 가장 가까울 것 같은 사람은?","2023-05-02 05:33:00"
443,"ESTJ에 가장 가까울 것 같은 사람은?","2023-05-02 05:33:00"
444,"ESTP에 가장 가까울 것 같은 사람은?","2023-05-02 05:33:01"
445,"INFJ에 가장 가까울 것 같은 사람은?","2023-05-02 05:33:01"
446,"INFP에 가장 가까울 것 같은 사람은?","2023-05-02 05:33:01"
447,"INTJ에 가장 가까울 것 같은 사람은?","2023-05-02 05:33:01"
448,"INTP에 가장 가까울 것 같은 사람은?","2023-05-02 05:33:02"
449,"ISFJ에 가장 가까울 것 같은 사람은?","2023-05-02 05:33:02"
450,"ISFP에 가장 가까울 것 같은 사람은?","2023-05-02 05:33:02"
451,"ISTJ에 가장 가까울 것 같은 사람은?","2023-05-02 05:33:02"
452,"ISTP에 가장 가까울 것 같은 사람은?","2023-05-02 05:33:03"
453,"말투가 제일 귀여운 사람은?","2023-05-02 05:33:03"
454,"머리 쓰담쓰담하고 싶은 사람은?","2023-05-02 05:33:03"
455,"보고 있으면 흐뭇한 미소가 지어지는 사람은?","2023-05-02 05:33:03"
456,"볼살이 귀여운 사람은?","2023-05-02 05:33:04"
457,"표정이 귀여운 사람은?","2023-05-02 05:33:04"
458,"해맑은 매력이 있는 친구는?","2023-05-02 05:33:04"
459,"10년 안에 연예인이 될 것 같은 사람은?","2023-05-02 05:33:05"
460,"농부가 될 가능성이 가장 높은 사람은?","2023-05-02 05:33:05"
461,"눈빛이 살아있는 친구는?","2023-05-02 05:33:05"
462,"릴스 100만뷰 찍을 것 같은 사람은?","2023-05-02 05:33:05"
463,"말하는게 다른 친구들이랑 다른 사람은?","2023-05-02 05:33:06"
464,"뭔가 제대로 한 번 보여줄 것 같은 사람은?","2023-05-02 05:33:06"
465,"어부가 될 가능성이 가장 높은 사람은?","2023-05-02 05:33:06"
466,"오디션에 나가서 최종합격할 것 같은 사람은?","2023-05-02 05:33:06"
467,"자연인이 될 가능성이 가장 높은 사람은?","2023-05-02 05:33:06"
468,"존재감이 가장 큰 사람은?","2023-05-02 05:33:07"
469,"의사가 될 것 같은 사람은?","2023-05-02 05:33:07"
470,"발가락이 귀여울 것 같은 친구는?","2023-05-02 05:33:07"
471,"가장 시원하고 상큼한 매력이 있는 사람은?","2023-05-02 05:33:07"
472,"다리가 가장 긴 것 같은 친구는?","2023-05-02 05:33:08"
473,"복숭아같은 친구","2023-05-02 05:33:08"
474,"나중에 이 친구가 결혼하면 침대를 선물해주고 싶어","2023-05-02 05:33:08"
475,"기타를 잘치는 사람","2023-05-02 05:33:08"
476,"거의 움직이지 않는 친구는?","2023-05-02 05:33:08"
477,"항상 냄새를 맡으려고 하는 친구는?","2023-05-02 05:33:09"
478,"범죄현장을 지나다가 억울하게 발자국을 남길 것 같은 사람은?","2023-05-02 05:33:09"
479,"치킨 중독인 것 같은 사람은?","2023-05-02 05:33:10"
480,"안기고 싶은 사람","2023-05-02 05:33:10"
481,"예의바른 사람","2023-05-02 05:33:10"
482,"되게 꼼꼼한 친구","2023-05-02 05:33:11"
483,vote,"2023-05-02 05:33:11"
484,"잠시라도 이성으로 보인 적 있다","2023-05-02 05:33:11"
485,"매일 담요랑 한 몸인 사람","2023-05-02 05:33:11"
486,"추운 날 핫팩을 챙겨주고 싶은 사람","2023-05-02 05:33:12"
487,"독특한 매력이 있는 사람은?","2023-05-02 05:33:12"
488,"솔직한 모습이 멋진 사람은?","2023-05-02 05:33:12"
489,"지구가 1주일 뒤에 멸망한다면 누구랑 있고 싶어?","2023-05-02 05:33:13"
490,"추운 날 외투를 벗어줄 수 있는 사람","2023-05-02 05:33:13"
491,"조언이 필요할 때 가장 먼저 찾는 친구는?","2023-05-02 05:33:13"
492,"말랑말랑할 것 같은 친구는?","2023-05-02 05:33:13"
493,"내 비밀을 가장 많이 알고 있는 친구","2023-05-02 05:33:14"
494,"먹방 찍으면 100만 유튜버가 될 것 같은 친구","2023-05-02 05:33:14"
495,"전화를 절대 안받는 친구","2023-05-02 05:33:14"
496,"항상 행복해보이는 친구","2023-05-02 05:33:15"
497,"가족이랑 가장 화목해보이는 친구","2023-05-02 05:33:15"
498,"아기랑 잘 놀아줄 것 같은 친구","2023-05-02 05:33:15"
499,"인생네컷 찍으러 가자!","2023-05-02 05:33:16"
500,"말투가 제일 특이한 친구","2023-05-02 05:33:16"
501,"제일 말을 예쁘게 하는 친구","2023-05-02 05:33:16"
502,"좋고 싫음이 분명한 친구","2023-05-02 05:33:16"
503,"여기서 제일 멋진 친구","2023-05-02 05:33:17"
504,"얘랑 있으면 시간이 너무 빨리가는것 같아","2023-05-02 05:33:17"
505,"시간을 멈추는 능력이 있다면 누구를 보러갈래?","2023-05-02 05:33:17"
506,"천둥번개가 치면 연락하고 싶은 사람은?","2023-05-02 05:33:18"
507,"비가 오면 연락하고 싶은 사람은?","2023-05-02 05:33:18"
508,"은하수를 같이 보고싶은 사람","2023-05-02 05:33:18"
509,"별보러 가자고 말하고 싶은 사람","2023-05-02 05:33:18"
510,"달리기가 가장 빠른 사람은?","2023-05-02 05:33:19"
511,"같이 수영장 가면 진짜 수영만 할 것 같은 사람은?","2023-05-02 05:33:19"
512,"마사지 해줬으면 좋겠는 사람은?","2023-05-02 05:33:19"
513,"이번 겨울에 스키장 같이 가고 싶은 사람은?","2023-05-02 05:33:20"
514,"내가 좀비가 되면 가장 먼저 찾아갈 사람은?","2023-05-02 05:33:20"
515,"코가 가장 예쁜 사람은?","2023-05-02 05:33:20"
516,"매일 공유킥보드 타고 다니는 친구는?","2023-05-02 05:33:20"
517,"같이 캠핑을 가보고 싶은 사람은?","2023-05-02 05:33:20"
518,"감수성이 풍부한 사람은?","2023-05-02 05:33:21"
519,"콧수염을 기르면 잘 어울릴 것 같은 사람은?","2023-05-02 05:33:21"
520,"맛있는 거 먹을 때 이 표정인 친구는?","2023-05-02 05:33:21"
521,"가장 깔끔할 것 같은 친구는?","2023-05-02 05:33:21"
522,"리액션이 대박인 사람은?","2023-05-02 05:33:22"
523,"나중에 탐정이 될 것 같은 친구는?","2023-05-02 05:33:22"
524,"웃는 모습이 호감인 친구는?","2023-05-02 05:33:22"
525,"하품을 제일 많이 하는 사람","2023-05-02 05:33:23"
526,"똘끼 G.O.A.T","2023-05-02 05:33:23"
527,"같이 해외여행을 가보고 싶은 친구는?","2023-05-02 05:33:23"
528,"내가 좋은 일이 있을 때 가장 축하를 잘해줄 것 같은 사람은?","2023-05-02 05:33:23"
529,"젓가락질을 가장 잘할 것 같은 사람은?","2023-05-02 05:33:24"
530,"나중에 술한잔 둘이서 하고 싶은 친구는?","2023-05-02 05:33:24"
531,"길을 잘 찾는 사람은?","2023-05-02 05:33:24"
532,"슬픈 영화를 보면 울 것 같은 사람은?","2023-05-02 05:33:24"
533,"육개장 건더기 다 남길 것 같은 사람은?","2023-05-02 05:33:24"
534,"내가 아는 최고의 타짜","2023-05-02 05:33:24"
535,"맥날 성애자","2023-05-02 05:33:25"
536,"영앤리치가 될 것 같은 사람은?","2023-05-02 05:33:25"
537,"금지된 것을 더 추구할 것 같은 사람은?","2023-05-02 05:33:25"
538,"이모티콘만 보고 알아서 상상해서 골라봐","2023-05-02 05:33:25"
539,"앞으로 계속 승승장구할 것 같은 친구","2023-05-02 05:33:25"
540,"가장 자유로운 친구는?","2023-05-02 05:33:25"
541,"안아주고 싶은 사람은?","2023-05-02 05:33:26"
542,"뭐든 다 잘하는 친구는?","2023-05-02 05:33:26"
543,"모히또 가서 몰디브 한 잔 하고 싶은 사람?","2023-05-02 05:33:26"
544,"선택지에 있는 사람들 중 말싸움 1등일 것 같은 사람은?","2023-05-02 05:33:26"
545,"호기심이 가장 많을 것 같은 사람은?","2023-05-02 05:33:26"
546,"마주치면 심장 뛰는 사람은?","2023-05-02 05:33:26"
547,"볼 때마다 심장이 두근거리는 사람은?","2023-05-02 05:33:26"
548,"가장 몸이 좋은 사람은?","2023-05-02 05:33:27"
549,"계란후라이 먹고 갈래?","2023-05-02 05:33:27"
550,"매일 라면만 먹고 살 수 있을 것 같은 친구는?","2023-05-02 05:33:27"
551,"우리 집에서 크로와상 먹고 갈래?","2023-05-02 05:33:27"
552,"연애하면 도시락 싸다줄 것 같은 사람은?","2023-05-02 05:33:27"
553,"라면 잘 끓일 것 같은 사람은?","2023-05-02 05:33:27"
554,"밀크티 버블티 성애자","2023-05-02 05:33:27"
555,"까도 까도 새로운 매력이 계속 나오는 친구는?","2023-05-02 05:33:28"
556,"가장 달콤한 친구","2023-05-02 05:33:28"
557,"가을에 단풍보러 가고 싶은 사람은?","2023-05-02 05:33:28"
558,"고독한 감성이 있을 것 같은 사람은?","2023-05-02 05:33:28"
559,"일본 감성을 가지고 있는 친구는?","2023-05-02 05:33:28"
560,"운이 좋은 것 같은 사람은?","2023-05-02 05:33:28"
561,"얘랑 친해지면 세상 모두랑 친해질 수 있을 것 같았던 사람은?","2023-05-04 03:36:37"
562,"음식 취향이 잘맞는 사람은?","2023-05-11 15:52:17"
563,"모둠활동할 때 버스 태워줄 것 같은 사람은?","2023-05-11 15:52:18"
564,"설레면 콧구멍이 커지는 친구는?","2023-05-11 15:52:18"
565,"내가 좋아하는 사람은?","2023-05-11 15:52:19"
566,"옷 잘입는 친구를 골라봐!","2023-05-11 15:52:19"
567,"마피아 게임 사회를 제일 잘 볼 것 같은 사람은?","2023-05-11 15:52:19"
568,"인생네컷을 제일 많이 찍었을 것 같은 사람은?","2023-05-11 15:52:20"
569,"오늘 가장 만나고 싶은 사람은?","2023-05-11 15:52:20"
570,"웃는 모습이 제일 웃긴 사람은?","2023-05-11 15:52:21"
571,"데이트하고 싶은 사람은?","2023-05-11 15:52:21"
572,"카페 가서 매일 아아만 시킬 것 같은 사람은?","2023-05-11 15:52:21"
573,"가장 오래된 친구는?","2023-05-11 15:52:22"
574,"밥을 이쁘게 먹을 것 같은 친구는?","2023-05-11 15:52:22"
575,"가장 운동을 좋아할 것 같은 사람은?","2023-05-11 15:52:22"
576,"국밥 데이트를 하고 싶은 사람은?","2023-05-11 15:52:22"
577,"학교에 얘가 없으면 심심할 것 같은 사람은?","2023-05-11 15:52:23"
578,"좀비 사태가 벌어져도 가장 오래 살아남을 것 같은 사람은?","2023-05-11 15:52:23"
579,"같이 파자마파티 하고 싶은 사람은?","2023-05-11 15:52:24"
580,"가장 마음이 여린 사람은?","2023-05-11 15:52:24"
581,"나쁜 사람들한테 당하고 있을 때 부르고 싶은 사람은?","2023-05-11 15:52:25"
582,"노래방에서 가장 신나게 놀 것 같은 사람은?","2023-05-11 15:52:25"
583,"매일 마라탕만 먹는 것 같은 사람은?","2023-05-11 15:52:25"
584,"우리 학교에서 제일 간지나는 사람은?","2023-05-11 15:52:25"
585,"놀러갈 때 계획을 제일 상세하게 짤 것 같은 사람은?","2023-05-11 15:52:26"
586,"제일 친해지고 싶다고 생각했던 친구는?","2023-05-11 15:52:26"
587,"왠지 흑역사가 있어서 이불킥할 것 같은 친구는?","2023-05-11 15:52:26"
588,"지금 돈을 빌려달라고 하면 바로 빌려줄 수 있는 친구는?","2023-05-11 15:52:27"
589,"결혼을 가장 빨리 할 것 같은 친구는?","2023-05-11 15:52:27"
590,"항상 잘 웃고다니는 친구는?","2023-05-11 15:52:27"
591,"MBTI가 CUTE일 것 같은 친구는?","2023-05-11 15:52:27"
592,"MBTI가 RICH일 것 같은 친구는?","2023-05-11 15:52:28"
593,"가장 마해자인 친구는?","2023-05-11 15:52:28"
594,"모솔이 아닐 것 같은 친구는?","2023-05-11 15:52:28"
595,"얘가 꼬시면 넘어가줄 수 있다","2023-05-11 15:52:29"
596,"치킨 퍽퍽살을 더 좋아할 것 같은 친구는?","2023-05-11 15:52:29"
597,"방탈출게임에서 제일 진지할 것 같은 사람은?","2023-05-11 15:52:29"
598,"가장 잘보이고 싶은 사람이 누구야?","2023-05-11 15:52:30"
599,"시험 보는 날 컴싸 안들고 올 것 같은 친구는?","2023-05-11 15:52:30"
600,"지금 집앞에 놀자고 나오라고 하고싶은 친구는?","2023-05-11 15:52:30"
601,"벌레 보면 바로 도망갈 것 같은 친구는?","2023-05-11 15:52:31"
602,"눈이 가장 높을 것 같은 사람은?","2023-05-11 15:52:31"
603,"여기서 내가 제일 아끼는 친구는?","2023-05-11 15:52:31"
604,"부모님한테 가장 잘할 것 같은 친구는?","2023-05-11 15:52:32"
605,"꿈에서 만나고 싶은 사람은?","2023-05-11 15:52:32"
606,"가장 전애인과 닮은 사람은?","2023-05-11 15:52:33"
607,"졸업하고 나서도 계속 연락할 것 같은 사람은?","2023-05-11 15:52:33"
608,"가장 청순해보이는 사람은?","2023-05-11 15:52:33"
609,"SKY 합격할 것 같은 사람은?","2023-05-11 15:52:34"
610,"지금 비밀연애를 하고 있을 것 같은 사람은?","2023-05-11 15:52:34"
611,"유튜브 같이 하고싶은 친구는?","2023-05-11 15:52:34"
612,"평소에는 조용한데 친해지면 저세상 텐션인 사람은?","2023-05-11 15:52:35"
613,"프로필이 가장 신나보이는 사람은?","2023-05-11 15:52:35"
614,"가장 잠을 좋아할 것 같은 사람은?","2023-05-11 15:52:36"
615,"동성한테 인기가 엄청 많을 것 같은 사람은?","2023-05-11 15:52:36"
616,"전생에 나와 부부였을 것 같은 사람은?","2023-05-11 15:52:37"
617,"첫사랑 이미지와 닮은 사람은?","2023-05-11 15:52:37"
618,"첫인상이 똑똑해보였던 사람은?","2023-05-11 15:52:37"
619,"일어나자마자 보고싶은 사람은?","2023-05-11 15:52:38"
620,"휴대폰 손에 들고 휴대폰 어디있냐고 할 것 같은 친구","2023-05-11 15:52:38"
621,"장거리 연애를 잘할 것 같은 사람은?","2023-05-11 15:52:38"
622,"친화력이 제일 좋은 사람은?","2023-05-11 15:52:39"
623,"무의식중에 얘 괜찮네 라는 생각을 해본 사람","2023-05-11 15:52:39"
624,"같이 야구장 가보고싶은 친구","2023-05-11 15:52:39"
625,"은근 집돌이 집순이일 것 같은 사람은?","2023-05-11 15:52:40"
626,"고백하면 받아줄 수 있는 사람은?","2023-05-11 15:52:40"
627,"내가 왕따를 당할 때 내 편에 서줄 것 같은 사람은?","2023-05-11 15:52:40"
628,"불의를 보면 못 참을 것 같은 사람","2023-05-11 15:52:41"
629,"약속이 취소되면 오히려 좋아할 것 같은 사람","2023-05-11 15:52:41"
630,"전생에 가장 부자였을 것 같은 사람은?","2023-05-11 15:52:41"
631,"인스타를 제일 열심히 하는 사람은?","2023-05-11 15:52:42"
632,"교복이 가장 잘 어울리는 사람은?","2023-05-11 15:52:42"
633,"pc방에 같이 가고싶은 사람은?","2023-05-11 15:52:42"
634,"공부 물어보면 잘 알려주는 친구는?","2023-05-11 15:52:42"
635,"가장 생각이 많은 친구는?","2023-05-11 15:52:43"
636,"민초를 제일 좋아할 것 같은 민초러는?","2023-05-11 15:52:43"
637,"연애를 되게 길게 할 것 같은 사람은?","2023-05-11 15:52:44"
638,"가장 긍정에너지가 좋은 사람은?","2023-05-11 15:52:44"
639,vote,"2023-05-11 15:52:44"
640,"방에서 좋은 향이 날 것 같은 사람은?","2023-05-11 15:52:44"
641,"콘서트 티케팅을 잘할 것 같은 사람은?","2023-05-11 15:52:45"
642,"누군가가 남몰래 좋아하고 있을 것 같은 사람은?","2023-05-11 15:52:45"
643,"누군가의 첫사랑이었을 것 같은 사람은?","2023-05-11 15:52:45"
644,"우리 학교를 가장 좋아할 것 같은 사람은?","2023-05-11 15:52:45"
645,"최근 외모에 물이 오른 것 같은 사람은?","2023-05-11 15:52:46"
646,"4명이 물에 빠졌을 때 가장 먼저 구하고 싶은 사람은?","2023-05-11 15:52:46"
647,"4명이 동시에 고백하면 누구를 받아줄래?","2023-05-11 15:52:46"
648,"4명이 미팅을 나가면 누가 가장 인기가 많을까?","2023-05-11 15:52:47"
649,"콜라 원샷하고 트름 안할 것 같은 사람은?","2023-05-11 15:52:47"
650,"모의고사 올 1등급 받을 것 같은 사람은?","2023-05-11 15:52:47"
651,"미래에 배우자에게 가장 잘해줄 것 같은 친구","2023-05-11 15:52:48"
652,"바퀴벌레가 되었을 때 가장 키우고 싶은 사람은?","2023-05-11 15:52:48"
663,"내년에 같은 반 되고 싶은 친구 있어?","2023-05-15 13:58:12"
664,"어떤 머리 색이든 다 잘 어울리는 친구는?","2023-05-15 13:58:13"
665,"모델하면 잘 어올릴 것 같은 사람은?","2023-05-15 13:58:13"
666,"이중에 벽치기 당하고 싶은 사람","2023-05-15 13:58:13"
667,"삭발 어울릴 것 같은 친구","2023-05-15 13:58:14"
668,"사과할 일 있는데 연락 못하고 있는 친구","2023-05-15 13:58:14"
669,"머리 묶은게 잘 어울리는 사람은?","2023-05-15 13:58:15"
670,"자기 관리를 제일 잘하는 사람은?","2023-05-15 13:58:15"
671,"핸드폰을 가장 많이 떨어트리는 사람은?","2023-05-15 13:58:15"
672,"텐션이 제일 높은 사람은?","2023-05-15 13:58:16"
673,"체육대회때 이인삼각 뛴다면 누구랑 뛰고 싶어?","2023-05-15 13:58:16"
674,"결혼을 자기가 원하는 사람과 할 수 있을 것 같은 사람은?","2023-05-15 13:58:16"
675,"요즘따라 재미있는 친구는 ?","2023-05-15 13:58:17"
676,"지금 내 생각하고 있으면 좋겠는사람","2023-05-15 13:58:17"
677,"만나자고하면 맨날 귀찮다고 하는 친구","2023-05-15 13:58:18"
678,"분위기가 예쁜 사람","2023-05-15 13:58:18"
679,"디엠을 가장 오랫동안 안 보는 사람","2023-05-15 13:58:18"
680,"나중에 술에 취해 "자니...?"라고 보낼 것 같은 사람은?","2023-05-15 13:58:19"
681,"매운걸 제일 잘 먹을 것 같은 사람은?","2023-05-15 13:58:19"
682,"단둘이 찜질방 가고 싶은 사람","2023-05-15 13:58:19"
683,"같이 보드게임 하고 싶은 친구","2023-05-15 13:58:19"
684,"연애에서 리드할 것 같은 사람은?","2023-05-15 13:58:20"
685,"반에서 분위기메이커일 것 같은 사람?","2023-05-15 13:58:20"
686,"비가 오는데 우산이 없는 상황, 누가 와줬으면 좋을까?","2023-05-15 13:58:21"
687,"결혼식에 축의금 제일 많이 낼 것 같은 사람","2023-05-15 13:58:21"
688,"같은 빨대로 음료수 마실 수 있는사람","2023-05-15 13:58:21"
689,"큰 돈이 생긴다면 바로 적금할 것 같은 사람","2023-05-15 13:58:21"
690,"데이트코스 잘 짤 것 같은 사람","2023-05-15 13:58:21"
691,"공부는 장비빨이지 하면서 필기구 30개 쓸 것 같은 사람","2023-05-15 13:58:21"
692,"같이 우산쓰면 자기 어깨가 다 젖어있을 것 같은 사람은?","2023-05-15 13:58:22"
693,"큐티청순가련뽀쨕애니여주인 친구","2023-05-15 13:58:22"
694,"말을 가장 잘하는 친구는?","2023-05-15 13:58:23"
695,"내가 죽으면 가장 슬퍼할 것 같은 사람은?","2023-05-15 13:58:23"
696,vote,"2023-05-15 13:58:24"
697,"가장 오래 살 것 같은 사람은?","2023-05-15 13:58:24"
698,"한복이 가장 잘 어울릴 것 같은 사람은?","2023-05-15 13:58:25"
699,"내 단짝친구에게 소개시켜주고 싶은 친구는?","2023-05-15 13:58:25"
700,"내가 생각하기에 제일 초코 아이스크림 같은 애는?","2023-05-15 13:58:26"
701,"음악 취향이 가장 잘 맞는 친구는?","2023-05-15 13:58:26"
702,"지구 멸망같은 상상 제일 많이 할 것 같은 사람은?","2023-05-15 13:58:26"
703,"반장 잘 할 것 같은 사람","2023-05-15 13:58:27"
704,"필기 잘 할 것 같은 친구는?","2023-05-15 13:58:27"
705,"퍼스널 컬러가 웜톤일 것 같은 사람은?","2023-05-15 13:58:27"
706,"퍼스널 컬러가 쿨톤일 것 같은 사람은?","2023-05-15 13:58:27"
707,"짝으로 앉고 싶은 사람","2023-05-15 13:58:28"
708,"놀이기구 탈 때 제일 소리 지르는 사람","2023-05-15 13:58:28"
709,"인기가 많은데 모를 것 같은 사람은?","2023-05-15 13:58:29"
710,"학교 복도에서 자주 보이는 사람은?","2023-05-15 13:58:29"
711,"놀기만 하는 것 같은데 성적이 좋은 사람은?","2023-05-15 13:58:30"
712,vote,"2023-05-15 13:58:30"
713,"드라마 찍으면 연기 제일 잘 할 것 같은 사람은?","2023-05-15 13:58:30"
714,"가장 재능충일 것 같은 친구는?","2023-05-15 13:58:31"
715,"가장 운동을 잘하는 사람은?","2023-05-15 13:58:31"
716,"가장 신뢰하는 친구는?","2023-05-15 13:58:31"
717,"티는 안 냈지만 얘 정말 좋다고 생각하는 사람","2023-05-15 13:58:32"
718,"거짓말 절대 못 할 것 같은 친구","2023-05-15 13:58:32"
719,"사회성이 가장 좋을 것 같은 사람은?","2023-05-15 13:58:33"
720,"매일 디엠하고 싶은 사람은?","2023-05-15 13:58:33"
721,"동창회 때 보면 제일 달라져 있을 것 같은 사람은?","2023-05-15 13:58:33"
722,"같이 엽떡 먹고 싶은 친구는?","2023-05-15 13:58:34"
723,"핑크가 가장 잘 어울리는 친구는?","2023-05-15 13:58:34"
724,"한 번쯤 이성적으로 호감을 느껴본 적 있는 사람은?","2023-05-15 13:58:35"
725,vote,"2023-05-15 13:58:35"
726,"배터리가 80%만 돼도 충전할 것 같은 사람","2023-05-15 13:58:35"
727,"바로 고백 갈기고 싶은 사람","2023-05-15 13:58:35"
728,"이 친구는 진짜 고양이상이다","2023-05-15 13:58:36"
729,"주사 맞는 거 무서워할 것 같은 친구","2023-05-15 13:58:36"
730,"인스타 인플루언서가 될 것 같은 사람은?","2023-05-15 13:58:37"
731,"제일 예쁘다고 생각되는 사람은?","2023-05-15 13:58:37"
732,"가장 똑똑할 것 같은 사람은?","2023-05-15 13:58:38"
733,"주사가 제일 궁금한 친구는?","2023-05-15 13:58:38"
734,"성격 쿨할 것 같은 사람","2023-05-15 13:58:39"
735,"연애를 가장 예쁘게 하는 사람","2023-05-15 13:58:39"
736,vote,"2023-05-15 13:58:40"
737,"봉준호, BTS, 손흥민, ○○○ Let's go","2023-05-15 13:58:40"
738,"수학여행때 장기자랑으로 띵띵땅땅 출 것 같은 사람은?","2023-05-15 13:58:41"
739,"선배같이 느껴지는 친구는?","2023-05-15 13:58:41"
740,"가장 현실적인 사람은?","2023-05-15 13:58:41"
741,"가장 열심히 사는 것 같은 사람은?","2023-05-15 13:58:42"
742,"리더, 조장 자리에 가장 잘 어울리는 사람은?","2023-05-15 13:58:42"
743,"가장 순수해보이는 사람은?","2023-05-15 13:58:43"
744,"같은 반이면 좋겠다","2023-05-15 13:58:43"
745,"죽었다 깨어나도 바람은 안 필 것 같은 사람은?","2023-05-15 13:58:44"
746,"마스크 벗은 모습이 궁금한 사람은?","2023-05-15 13:58:44"
747,"축의금으로 10만원 이상 넣어줄 것 같은 사람은?","2023-05-15 13:58:44"
748,"칭찬을 잘해주는 사람은?","2023-05-15 13:58:45"
749,"가장 유행을 잘 따라갈 것 같은 사람은?","2023-05-15 13:58:46"
750,"학원 같이 다니고 싶은 친구","2023-05-15 13:58:46"
751,"동물을 가장 좋아할 것 같은 사람","2023-05-15 13:58:47"
752,"아이돌이면 SM 소속사일 것 같은 사람","2023-05-15 13:58:48"
753,"다나카 성대모사를 잘 하는 사람은?","2023-05-15 13:58:48"
754,"선생님 성대모사를 가장 잘하는 친구는?","2023-05-15 13:58:48"
755,"슬픈 영상보면 가장 먼저 울 것 같은 사람","2023-05-15 13:58:49"
756,"두루두루 잘 지내는 사람","2023-05-15 13:58:49"
757,"욕을 가장 안쓰는 사람은?","2023-05-15 13:58:50"
758,"쉬는시간마다 뛰어다니는 사람은?","2023-05-15 13:58:50"
759,"몰래 짝사랑 하고 있을 것 같은 사람은?","2023-05-15 13:58:51"
760,"옛날에 유튜브해봤을 것 같은 사람은?","2023-05-15 13:58:51"
761,"무엇이든 잘 할 것 같은 사람은?","2023-05-15 13:58:52"
762,"애인에게 가장 스윗할 것 같은 사람","2023-05-15 13:58:52"
763,"가장 잘생긴 사람은?","2023-05-15 13:58:52"
764,"이 사람중 같이 밤산책 하고 싶은 사람은?","2023-05-15 13:58:53"
765,"가장 닮고 싶은 친구는?","2023-05-15 13:58:53"
766,"첫사랑을 못잊을 것 같은 사람은?","2023-05-15 13:58:54"
767,"성인되는 당일 같이 놀고 싶은 친구는?","2023-05-15 13:58:54"
768,"팔씨름 핑계로 손 잡고 싶은 사람은?","2023-05-15 13:58:55"
769,"하이파이브 하는 척 손 한 번 마주치고 싶은 사람은?","2023-05-15 13:58:55"
770,"가장 꾸안꾸인 사람은?","2023-05-15 13:58:55"
771,"진실게임 하면 제일 열심히 할 것 같은 친구","2023-05-15 13:58:56"
772,"지갑 주우면 주인 찾아줄 것 같은 사람","2023-05-15 13:58:57"
773,"자취하면 살림살이 똑부러지게 잘 할 것 같은 사람","2023-05-15 13:58:57"
774,"애기보면 귀엽다고 달려갈 것 같은 사람","2023-05-15 13:58:57"
775,"제일 눈길이 가는 사람은?","2023-05-15 13:58:58"
776,"평소에 가장 활발하다고 생각하는 친구는?","2023-05-15 13:58:58"
777,"나는 얘를 좋아한다","2023-05-15 13:58:59"
778,"모두가 좋아할 성격을 가진 사람?","2023-05-15 13:58:59"
779,"같이 동물원 가고 싶은 사람은?","2023-05-15 13:59:00"
780,"눈이 이쁜 친구는?","2023-05-15 13:59:00"
781,"우리학교 체육복이 제일 잘 어울리는 사람은?","2023-05-15 13:59:01"
782,"20대를 가장 재미있게 보낼 것 같은 사람은?","2023-05-15 13:59:01"
783,"츤데레 매력이 있는 사람은?","2023-05-15 13:59:02"
784,"모닝콜 받고 싶은 사람은?","2023-05-15 13:59:02"
785,"떨어져있어도 자꾸 생각나는 친구","2023-05-15 13:59:02"
786,"사귀어보고 싶은 친구는?","2023-05-15 13:59:03"
787,"의외로 반전매력 있는 사람은?","2023-05-15 13:59:04"
788,"이 사람과 연애를 한다면 결혼까지 할 것 같다","2023-05-15 13:59:04"
789,"덜 친하지만 짱친 되고 싶은 사람?","2023-05-15 13:59:04"
790,"키 바꾸고 싶은 사람?","2023-05-15 13:59:05"
791,"카페 사장하면 진짜 잘 할 것 같은 친구는?","2023-05-15 13:59:05"
792,"너의 삶에 없어선 안될 것 같은 사람은?","2023-05-15 13:59:06"
793,"교장선생님과 친분이 있을 것 같은 사람","2023-05-15 13:59:06"
794,"솔직히 너랑 사귀는 상상해봤어","2023-05-15 13:59:06"
795,"30살까지 서로 애인이 없다면 너랑 결혼하고 싶어","2023-05-15 13:59:07"
796,"귀신 있다고 믿을 것 같은 친구","2023-05-15 13:59:07"
797,"가장 내가 아끼는 사람은?","2023-05-15 13:59:08"
798,"옆에서 깻잎 잡아주고 싶은 사람","2023-05-15 13:59:08"
799,"이상형에게 대쉬를 가장 잘 할 것 같은 사람은?","2023-05-15 13:59:08"
800,"20살에 같이 술 마셔보고 싶은 사람은?","2023-05-15 13:59:09"
801,"dm하고 싶은 친구는?","2023-05-15 13:59:09"
802,"내 애인이었으면 좋겠는 사람?","2023-05-15 13:59:10"
803,"환불할 때 데리고 가고 싶은 사람","2023-05-15 13:59:10"
804,"내 자식의 배우자가 되면 가장 좋을 것 같은 사람은?","2023-05-15 13:59:10"
805,"같이 릴스찍고 싶은 사람은?","2023-05-15 13:59:11"
806,"성격이 시원시원한 친구는?","2023-05-15 13:59:11"
807,vote,"2023-05-15 13:59:11"
808,"사실 전에 이성으로 좋아했던 사람은?","2023-05-15 13:59:12"
809,"내가 반려동물이었다면 주인이었으면 좋겠는 사람은?","2023-05-15 13:59:12"
810,"선생님한테 가장 사랑받을 것 같은 친구는?","2023-05-15 13:59:13"
811,"연예인이었으면 이 사람에게 입덕했을 것이다","2023-05-15 13:59:13"
812,"볼매인 사람","2023-05-15 13:59:14"
813,"웃는게 멋진 사람은?","2023-05-15 13:59:14"
814,"가장 청순하게 생긴 사람은?","2023-05-15 13:59:15"
815,"연애해보고 싶은 친구는?","2023-05-15 13:59:15"
816,"현체가는 버스 안에서 짝하고 싶은 사람은?","2023-05-15 13:59:16"
817,"개그코드가 잘 맞는 사람은?","2023-05-15 13:59:16"
818,"운동을 세상에서 제일 잘 하는 사람은?","2023-05-15 13:59:16"
819,"제일 믿음직한 친구는?","2023-05-15 13:59:17"
820,"나이키가 잘 어울리는 친구는?","2023-05-15 13:59:17"
821,"같이 pc방가면 혼자 캐리할 것 같은 사람은?","2023-05-15 13:59:17"
822,"내가 물에 빠지면 나를 먼저 구할 것 같은 사람은?","2023-05-15 13:59:18"
823,"결혼식에서 사회를 봐줬으면 하는 친구는?","2023-05-15 13:59:18"
824,"내 절친에게 소개를 해준다면 누구?","2023-05-15 13:59:19"
825,"나중에 유퀴즈에서 볼 것 같은 친구 ","2023-05-15 13:59:19"
826,"한번 연애 시작하면 오래 갈 것 같은 사람은?","2023-05-15 13:59:20"
827,"내 폰 비번을 알려줄 수 있는 친구는?","2023-05-15 13:59:20"
828,"MBTI 100% N일 것 같은 사람","2023-05-15 13:59:20"
829,"누워있다 문득 생각나는 사람","2023-05-15 13:59:20"
830,"겉이 차가워도 속은 촉촉한 사람","2023-05-15 13:59:21"
831,"과즙상인 친구는?","2023-05-15 13:59:21"
832,"어떤 일로 멀어졌는데 다시 관계 회복하고 싶은 사람은?","2023-05-15 13:59:22"
833,"어산데 친해지고 싶은 친구는?","2023-05-15 13:59:22"
834,"누구에게 가장 아이스크림을 사주고 싶어?","2023-05-15 13:59:23"
835,"호그와트의 분위기가 가장 어울리는 친구는?","2023-05-15 13:59:23"
836,"카페인 없이는 못 사는 사람은?","2023-05-15 13:59:24"
837,"후드집업이 가장 잘 어울리는 사람은?","2023-05-15 13:59:24"
838,"눈이 제일 큰 사람은?","2023-05-15 13:59:25"
839,"20살때 술집에서 인기쟁이일 것 같은 사람","2023-05-15 13:59:25"
840,"이중에 계속 내눈에 보이는 사람","2023-05-15 13:59:26"
841,"지금 함께 진실게임을 하고 싶은 사람은?","2023-05-15 13:59:26"
842,"목소리가 가장 예쁜 사람","2023-05-15 13:59:27"
843,"한번 사랑에 빠지면 헤어나오지 못 할 사람은?","2023-05-15 13:59:27"
844,"다른 곳에서 마주쳤을 때 가장 반가울 것 같은 친구는?","2023-05-15 13:59:27"
845,"축구할 때 가장 멋있는 사람","2023-05-15 13:59:28"
846,"내 친구가 호감있어하는 친구는? ","2023-05-15 13:59:28"
847,"샤워할 때 노래 부를 것 같은 사람은?","2023-05-15 13:59:28"
848,"같이 있으면 빠져드는 사람은?","2023-05-15 13:59:29"
849,"제일 나랑 잘 맞을 것 같은 사람","2023-05-15 13:59:29"
850,"썸타고 싶은 사람은?","2023-05-15 13:59:30"
851,"컨버스가 잘 어울릴 것 같은 친구","2023-05-15 13:59:30"
852,"반에서 몰폰을 가장 많이 하는 사람은?","2023-05-15 13:59:30"
853,"연애할 때 제일 쿨할 것 같은 사람","2023-05-15 13:59:30"
854,"장발이 잘 어울릴 것 같은 사람은?","2023-05-15 13:59:31"
855,"내가 죽는다면 가장 먼저 장례식에 올 친구","2023-05-15 13:59:31"
856,"내가 살아가고 싶게 만드는 사람은?","2023-05-15 13:59:32"
857,"친화력이 좋을 것 같은 사람은?","2023-05-15 13:59:33"
858,"이 질문을 보고 1분 넘게 고민할 것 같은 사람은?","2023-05-15 13:59:33"
859,"후배들한테 인기가 많을 것 같은 사람은?","2023-05-15 13:59:34"
860,"선배들한테 인기가 많을 것 같은 사람은?","2023-05-15 13:59:34"
861,"가오가 제일 사는 사람은?","2023-05-15 13:59:35"
862,"뉴욕패션워크에서 기선제압할 것 같은 사람?","2023-05-15 13:59:35"
863,"가장 고백을 많이 받았을 것 같은 사람은?","2023-05-15 13:59:35"
864,"얘 괜찮다라는 생각이 한 번이라도 들었던 친구는?","2023-05-15 13:59:36"
865,"축구 G.O.A.T","2023-05-15 13:59:36"
866,"사진을 가장 잘 찍는 사람은?","2023-05-15 13:59:37"
867,"가장 분위기메이커일 것 같은 사람","2023-05-15 13:59:37"
868,"에어팟 한 쪽씩 나눠끼고 노래 듣고 싶은 사람은?","2023-05-15 13:59:37"
869,"꿈이 제일 확실해 보이는 친구는?","2023-05-15 13:59:38"
870,"부모님과 사이가 가장 좋아보이는 사람은?","2023-05-15 13:59:38"
871,"아기를 가장 잘 돌볼 것 같은 사람은?","2023-05-15 13:59:39"
872,"집에서 나오기까지 준비하는 시간이 제일 길 것 같은 사람은?","2023-05-15 13:59:40"
873,"내 모든걸 다 공개해도 괜찮을 것 같은 친구","2023-05-15 13:59:40"
874,"나 얘한테 좀 호감 있다","2023-05-15 13:59:41"
875,"알고보니 재벌 3세일 것 같은 사람은?","2023-05-15 13:59:41"
876,"모범시민상을 받을 수 있을 것 같은 사람은?","2023-05-15 13:59:41"
877,"진라면 순한맛 먹다가 매워서 울 것 같은 친구는?","2023-05-15 13:59:42"
878,"똘똘할 것 같은 사람","2023-05-15 13:59:42"
879,"웹툰 캐릭터 같은 사람","2023-05-15 13:59:43"
880,"아재개그에 미쳐있는 사람","2023-05-15 13:59:44"
881,vote,"2023-05-15 13:59:44"
882,"공포영화 보다가 팝콘 던질 것 같은 사람은?","2023-05-15 13:59:44"
883,"자기가 예쁜걸 모르는 친구는?","2023-05-15 13:59:45"
884,"수업시간에 맨날 자는데 만점 받을 것 같은 사람은?","2023-05-15 13:59:46"
885,"우리 엄마가 좋아할 것 같은 친구는?","2023-05-15 13:59:46"
886,"인스타 스토리 실수인 척 좋아요 누르고 싶은 사람","2023-05-15 13:59:46"
887,"옆에 있으면 매일 행복할 것 같은 사람","2023-05-15 13:59:47"
888,"이 사람 빼고 당신에 대한 기억을 전부 지운다면?","2023-05-15 13:59:47"
889,"본 받을 점이 많은 사람","2023-05-15 13:59:48"
890,"좋은 일을 가장 먼저 알려주고 싶은 친구","2023-05-15 13:59:48"
891,"가장 입이 무거울 것 같은 사람은?","2023-05-15 13:59:48"
892,"은근 친절한 사람은?","2023-05-15 13:59:49"
893,"토카토카 맛깔나게 출 수 있는 사람","2023-05-15 13:59:50"
894,"가장 자존감이 높을 것 같은 친구는?","2023-05-15 13:59:50"
895,"계속 말을 걸고 싶은 친구는?","2023-05-15 13:59:50"
896,"하는 말마다 너무 웃긴 것 같은 친구는?","2023-05-15 13:59:51"
897,"연인이 친구 깻잎 떼주면 서운해할 것 같은 친구!","2023-05-15 13:59:52"
898,"현재 관심있는 친구","2023-05-15 13:59:52"
899,"의외의 반전이 있던 사람은?","2023-05-15 13:59:53"
900,"나의 짝사랑 상대를 뺏어도 가장 용서가 될 것 같은 사람은?","2023-05-15 13:59:53"
901,"초긍정적인 친구는?","2023-05-15 13:59:54"
902,"다재다능한 사람은?","2023-05-15 13:59:54"
903,"다가가고 싶지만 다가가기 어려운 친구는?","2023-05-15 13:59:55"
904,"같이 있으면 시간이 빨리 가는 사람은?","2023-05-15 13:59:55"
905,"장난고백 해보고 싶은 친구","2023-05-15 13:59:56"
906,""너 납치된거야"를 듣고 가장 침착할 사람은?","2023-05-15 13:59:56"
907,"어린 시절 가장 장난꾸러기일 것 같은 사람은?","2023-05-15 13:59:57"
908,"다음 생에 얘 동생으로 태어나고 싶어!","2023-05-15 13:59:57"
909,"가장 카리스마를 가진 친구는?","2023-05-15 13:59:58"
910,"창의력이 가장 뛰어난 사람은?","2023-05-15 13:59:58"
911,"답장 속도가 가장 빠른 사람은?","2023-05-15 13:59:58"
912,"축제 때 반전 보여줄 것 같은 사람","2023-05-15 13:59:59"
913,"친구 결혼식날 울 것 같은 사람은?","2023-05-15 14:00:00"
914,"예술감각이 가장 뛰어난 친구는?","2023-05-15 14:00:00"
915,"상대가 이성으로 보여!","2023-05-15 14:00:00"
916,"전애인 SNS 몰래 염탐하다가 실수로 좋아요 누를 것 같은 사람","2023-05-15 14:00:00"
917,"최고의 남편감","2023-05-15 14:00:01"
918,"최고의 신붓감","2023-05-15 14:00:01"
919,토끼상,"2023-05-15 14:00:02"
920,강아지상,"2023-05-15 14:00:02"
921,고양이상,"2023-05-15 14:00:03"
922,엄친아/엄친딸,"2023-05-15 14:00:04"
923,"입 무거운 친구","2023-05-15 14:00:04"
924,"의외로 잘생긴 친구","2023-05-15 14:00:05"
925,"겸손 그 자체인 친구","2023-05-15 14:00:05"
926,"안경 벗은 모습을 보고 싶은 사람은?","2023-05-15 14:00:06"
927,"파란색이 잘 어울리는 사람","2023-05-15 14:00:06"
928,"빨간색이 잘 어울리는 사람","2023-05-15 14:00:06"
929,"노란색이 잘 어울리는 사람","2023-05-15 14:00:07"
930,"초록색이 잘 어울리는 사람","2023-05-15 14:00:07"
931,"보라색이 잘 어울리는 사람","2023-05-15 14:00:07"
932,"하얀색이 잘 어울리는 사람","2023-05-15 14:00:07"
933,"포기가 없는 친구는 ?","2023-05-15 14:00:08"
934,"이 네명 중에 나를 가장 잘 아는 사람은?","2023-05-15 14:00:08"
935,"미래의 자녀가 마라탕 사장이 되길 바랄 것 같은 사람","2023-05-15 14:00:08"
936,"내가 얘는 lol 이긴다","2023-05-15 14:00:08"
937,"부르면 지금 당장 달려갈 수 있는 사람","2023-05-15 14:00:09"
938,"겁이 제일 없을 것 같은 사람은?","2023-05-15 14:00:09"
939,"다음 번에도 같은 반 하고 싶은 사람","2023-05-15 14:00:10"
940,vote,"2023-05-15 14:00:10"
941,"사귀고 싶은 사람은?","2023-05-15 14:00:11"
942,"별명 부자 친구","2023-05-15 14:00:11"
943,"이 질문에 힌트 쓸 것 같은 친구","2023-05-15 14:00:11"
944,"같은 반 제일 많이 해본 친구","2023-05-15 14:00:12"
945,"지금 바로 칭찬해주고 싶은 친구 ","2023-05-15 14:00:13"
946,vote,"2023-05-15 14:00:13"
947,"가장 무해할 것 같은 사람은?","2023-05-15 14:00:14"
948,"2대2로 싸울때 필수인 친구","2023-05-15 14:00:14"
949,"노래를 가장 잘 부를 것 같은 사람은?","2023-05-15 14:00:14"
950,"키스씬이 나오는 영화를 보면 가장 부끄러워 할 것 같은 사람은?","2023-05-15 14:00:15"
951,"단발이 가장 잘 어울릴 것 같은 친구는?","2023-05-15 14:00:15"
952,"커서 러쉬에서 일할 것 같은 친구는?","2023-05-15 14:00:15"
953,"살면서 얘같은 애는 처음봤다! 싶은 친구는?","2023-05-15 14:00:16"
954,"귀엽게 생긴사람은?","2023-05-15 14:00:16"
955,"잠꼬대가 가장 심할 것 같은 사람은?","2023-05-15 14:00:17"
956,"탄산먹고 트름 잘 참을 것 같은 친구","2023-05-15 14:00:17"
957,"같이 데이트 하고 싶은 사람은?","2023-05-15 14:00:18"
958,"마스크 벗은게 더 매력적인 사람은?","2023-05-15 14:00:18"
959,"몸매가 좋은 친구는?","2023-05-15 14:00:18"
960,"가장 인싸일 것 같은 친구는?","2023-05-15 14:00:19"
961,"학교 대표 얼굴일 것 같은 사람은?","2023-05-15 14:00:19"
962,"SNS를 가장 많이 할 것 같은 사람","2023-05-15 14:00:20"
963,"날개 없는 천사일 것 같은 사람은?","2023-05-15 14:00:20"
964,"음식취향이 가장 잘 맞을 것 같은 사람은?","2023-05-15 14:00:20"
965,"친해지고 싶은 친구는?","2023-05-15 14:00:21"
966,"매일 지각할 것 같은 사람은?","2023-05-15 14:00:22"
967,"지나가다가 번호 많이 따일것 같은 사람은?","2023-05-15 14:00:22"
968,"연상이랑 만날것 같은 사람","2023-05-15 14:00:22"
969,"게임할 때 가장 진지해지는 친구","2023-05-15 14:00:23"
970,"교복을 가장 단정히 입을 것 같은 사람은?","2023-05-15 14:00:23"
971,"평생 친구하고 싶은 사람은?","2023-05-15 14:00:23"
972,"가장 집에만 있을 것 같은 사람은?","2023-05-15 14:00:24"
973,"안경이 어울리는 사람","2023-05-15 14:00:24"
974,"좋아하는 사람과 가장 잘 될 것 같은 사람은?","2023-05-15 14:00:24"
975,"단둘이 여행가고 싶은 친구는","2023-05-15 14:00:25"
976,"제일 눈치가 빠를것 같은 친구는?","2023-05-15 14:00:25"
977,"상처 잘 받을 것 같은 사람은?","2023-05-15 14:00:26"
978,"같이 콘서트 가고 싶은 사람은?","2023-05-15 14:00:26"
979,"아플 때 가장 먼저 생각나는 사람은?","2023-05-15 14:00:26"
980,"짝사랑 가장 오래 해본 것 같은 사람은?","2023-05-15 14:00:27"
981,"세상에 둘만 남는다면 같이 있고 싶은 사람은?","2023-05-15 14:00:27"
982,"같이 카페 가고 싶은 사람","2023-05-15 14:00:27"
983,"힙합 좋아할 것 같은 사람","2023-05-15 14:00:27"
984,"여기서 제일 T일 것 같은 사람은?","2023-05-15 14:00:28"
985,"전화번호 주고 싶은 사람은?","2023-05-15 14:00:28"
986,"가장 운이 좋을 것 같은 사람은?","2023-05-15 14:00:29"
987,"인간관계가 가장 좋은 사람은","2023-05-15 14:00:29"
988,"먹을거 주고 싶은 친구","2023-05-15 14:00:29"
989,"우리학교 교복이 제일 잘 어울리는 사람은?","2023-05-15 14:00:30"
990,"성인이되었을 때 가장 빨리 결혼할 것 같은 사람은?","2023-05-15 14:00:30"
991,"결혼을 가장 늦게 할 것 같은 사람은?","2023-05-15 14:00:30"
992,"게임 같이 하고 싶은 사람","2023-05-15 14:00:30"
993,"학교에서 가장 먼저 찾는 친구는?","2023-05-15 14:00:31"
994,"몸이 가장 좋을 것 같은 친구는?","2023-05-15 14:00:31"
995,"가장 맵찔이일 것 같은 사람은?","2023-05-15 14:00:32"
996,"내가 아프다고 하면 뭐라도 사서 당장 달려올 친구","2023-05-15 14:00:32"
997,"겁이 가장 많을 것 같은 사람은?","2023-05-15 14:00:33"
998,"단어선택이 고급스러운 사람은?","2023-05-15 14:00:33"
999,"얘랑 친구 아니였으면 몰래 좋아했을 것 같은 사람 ","2023-05-15 14:00:34"
1000,"힙한 매력을 가진 사람은?","2023-05-15 14:00:34"
1001,"좋아하는 사람 있을 것 같은 사람은?","2023-05-15 14:00:35"
1002,"같이 해외여행 가고 싶은 친구","2023-05-15 14:00:35"
1003,"방청소를 가장 열심히 하는 사람은?","2023-05-15 14:00:35"
1004,"귀신의 집에서 가장 먼저 울 것 같은 사람은?","2023-05-15 14:00:36"
1005,"우정보다 사랑일 것 같은 사람은?","2023-05-15 14:00:36"
1006,"보고만 있어도 기분 좋아지는 친구는?","2023-05-15 14:00:37"
1007,"편식이 가장 심할 것 같은 사람은?","2023-05-15 14:00:37"
1008,"교실에 바퀴벌레 나오면 잡아줄 것 같은 친구","2023-05-15 14:00:37"
1009,"욕 안쓸 것 같은 친구","2023-05-15 14:00:38"
1010,"수업시간에 절대 졸지 않는 친구","2023-05-15 14:00:38"
1011,"겉으로는 잘 안 친하지만 내적친밀감 높은 친구","2023-05-15 14:00:39"
1012,"나는 얘를 아는데 얘는 나를 모른다","2023-05-15 14:00:39"
1013,"가장 금사빠일 것 같은 친구는?","2023-05-15 14:00:40"
1014,"만나면 가장 편한 사람은?","2023-05-15 14:00:40"
1015,"귓속말 게임할 때 좋아하는 사람 말할 것 같은 사람!","2023-05-15 14:00:41"
1016,"잠결에 전애인한테 연락할 것 같은 사람!","2023-05-15 14:00:41"
1017,"학교에서 가장 인기가 많아보이는 사람은? ","2023-05-15 14:00:41"
1018,"가장 자주 씻을 것 같은 사람은?","2023-05-15 14:00:42"
1019,"가장 연애 하고 싶어 보이는 사람은?","2023-05-15 14:00:42"
1020,"학교갈 때 일찍 일어날 것 같은 친구","2023-05-15 14:00:43"
1021,"전화하면 시간 가는 줄 모를 것 같은 친구는?","2023-05-15 14:00:43"
1022,"아이돌 좋아할 것 같은 사람은?","2023-05-15 14:00:44"
1023,"대학교가서 과탑할 것 같은 친구는?","2023-05-15 14:00:44"
1024,"제일 아기 같은 사람은?","2023-05-15 14:00:45"
1025,"가장 성공할 것 같은 사람","2023-05-15 14:00:45"
1026,"좀비 아포칼립스에서 가장 오래 살아남을 것 같은 사람","2023-05-15 14:00:45"
1027,"학교에서 모르는 사람이 없을 것 같은 사람","2023-05-15 14:00:46"
1028,"이슬만 먹고 살 것 같은 사람","2023-05-15 14:00:46"
1029,"같이 밥먹고 싶은 사람은?","2023-05-15 14:00:46"
1030,"사진을 제일 잘 찍을 것 같은 사람은?","2023-05-15 14:00:46"
1031,"같이 세계일주 하고 싶은 사람은?","2023-05-15 14:00:47"
1032,"최고의 럭키가이는?","2023-05-15 14:00:47"
1033,"볼링 잘 칠 것 같은 사람","2023-05-15 14:00:47"
1034,"아주 착하게 생긴사람은?","2023-05-15 14:00:48"
1035,"사진빨을 잘받는 사람은?","2023-05-15 14:00:48"
1036,"부끄러움이 많아 보이는 친구","2023-05-15 14:00:49"
1037,"롯데월드 회전목마 사진 같이 찍고 싶은 사람은?","2023-05-15 14:00:49"
1038,"고양이를 가장 좋아할 것 같은 사람은?!","2023-05-15 14:00:49"
1039,"롤을 젤 잘 할 것 같은 친구는?","2023-05-15 14:00:50"
1040,"지금 가장 보고 싶은 사람","2023-05-15 14:00:50"
1041,"가장 효도할 것 같은 사람","2023-05-15 14:00:51"
1042,"제일 사랑스러운 친구는?","2023-05-15 14:00:51"
1043,"손 잡으면서 걷고 싶은 친구","2023-05-15 14:00:52"
1044,"이세상 모든걸 다 알고 있을 것 같은 사람은?","2023-05-15 14:00:52"
1045,"휴대폰에 자기를 즐겨찾기 해놓았을 것 같은 사람은?","2023-05-15 14:00:53"
1046,"졸업 후 동창회에서 청첩장 돌릴 것 같은 친구는?","2023-05-15 14:00:53"
1047,"바닷가에 같이 가고 싶은 친구","2023-05-15 14:00:54"
1048,"지금과 첫 인상이 완전히 다른 사람은?","2023-05-15 14:00:54"
1049,"혼자 잠 못잘 것 같은 사람은?","2023-05-15 14:00:55"
1050,"최근에 관심이 생긴 친구!","2023-05-15 14:00:55"
1051,"기억력이 좋은 사람","2023-05-15 14:00:55"
1052,"가장 매력적이게 생긴 사람은?","2023-05-15 14:00:56"
1053,"노래방에서 발라드만 부를 것 같은 친구","2023-05-15 14:00:56"
1054,"금사빠 일 것 같은 사람은?","2023-05-15 14:00:57"
1055,"닭다리 나눠 먹고 싶은 사람은?","2023-05-15 14:00:57"
1056,"누가봐도 우리는 환상의 MBTI 짝궁인 것 같은 사람","2023-05-15 14:00:58"
1057,"달을 보고 가장 먼저 생각나는 사람은?","2023-05-15 14:00:58"
1058,"유튜브 100만구독자 달성할 것 같은 사람은?","2023-05-15 14:00:58"
1059,"거울 보면서 나 자신에게 심취할 것 같은 사람","2023-05-15 14:00:58"
1060,"얘랑 친구하길 잘했다 싶은 친구는?","2023-05-15 14:00:59"
1061,"첫인상이 무서웠던 사람은?","2023-05-15 14:01:00"
1062,"꿈에 나오면 좋을 것 같은 사람은?","2023-05-15 14:01:01"
1063,"밤새 내 생각 할 것 같은 사람은?","2023-05-15 14:01:01"
1064,"백발이 잘 어울릴 것 같은 사람은?","2023-05-15 14:01:01"
1065,"미래에 연예인이 될 것 같은 친구는?","2023-05-15 14:01:02"
1066,"무인도에서 3박 4일동안 같이 있고 싶은 친구는?","2023-05-15 14:01:02"
1067,"기념일에 선물을 다 퍼줄 것 같은 사람은?","2023-05-15 14:01:02"
1068,"슬플 때 가장 도움이 될 것 같은 사람은?","2023-05-15 14:01:03"
1069,"터키아이스크림 못 잡을 것 같은 사람은?","2023-05-15 14:01:03"
1070,"내 결혼식 때 부케를 받았으면 하는 사람은?","2023-05-15 14:01:03"
1071,"숙제할 때 노래 들을 것 같은 사람","2023-05-15 14:01:04"
1072,"빈 말 안 할 것 같은 사람은?","2023-05-15 14:01:04"
1073,"여름과 잘 어울리는 사람은?","2023-05-15 14:01:05"
1074,"글씨를 제일 잘 쓸 것 같은 사람은?","2023-05-15 14:01:05"
1075,"제일 똑부러지는 사람은?","2023-05-15 14:01:06"
1076,"잠을 많이 잘 것 같은 사람","2023-05-15 14:01:06"
1077,"샤워 하면서 노래 부를 것 같은 친구는?","2023-05-15 14:01:06"
1078,"과자 3봉지 다 못먹을 것 같은 사람","2023-05-15 14:01:07"
1079,"졸업사진 잘 나올 것 같은 사람","2023-05-15 14:01:08"
1080,"밥 한 번 먹자 해놓고 안 먹는 사람은?","2023-05-15 14:01:08"
1081,""사랑해"를 가장 듣고 싶은 사람은?","2023-05-15 14:01:08"
1082,"업어주고 싶은 사람은?","2023-05-15 14:01:09"
1083,"눈이 높을 것 같은 사람","2023-05-15 14:01:09"
1084,"서브웨이 가서 주문 못 할 것 같은 사람","2023-05-15 14:01:10"
1085,"같이 꽃구경 가고 싶은 사람은?","2023-05-15 14:01:10"
1086,"뉴진스를 가장 좋아할 것 같은 사람은?","2023-05-15 14:01:10"
1087,"같이 인생네컷 찍고 싶은 사람은?","2023-05-15 14:01:11"
1088,"나한테 가장 도움이 될 것 같은 사람","2023-05-15 14:01:12"
1089,"같이 피시방가고 싶은 사람은?","2023-05-15 14:01:12"
1090,"뭘해도 긍정적일 것 같은 사람","2023-05-15 14:01:13"
1091,"처음만난 사람과 바로 친구 먹을 것 같은 사람","2023-05-15 14:01:13"
1092,"전남친/여친 SNS 염탐할 것 같은 사람은?","2023-05-15 14:01:14"
1093,"의외의 취미를 가지고 있을 것 같은 친구는?","2023-05-15 14:01:14"
1094,"얼죽아일 것 같은 사람은?","2023-05-15 14:01:14"
1095,"가장 줏대있는 친구는?","2023-05-15 14:01:15"
1096,"친구끼리도 예의바른 사람","2023-05-15 14:01:15"
1097,"펩시 좋아할 것 같은 사람?","2023-05-15 14:01:15"
1098,"한강가서 사진만 찍을 것 같은 사람","2023-05-15 14:01:16"
1099,"여기서 웃음이 가장 많은 친구는?","2023-05-15 14:01:16"
1100,"형제자매랑 잘 안 싸울 것 같은 사람.","2023-05-15 14:01:17"
1101,"돈 빌려줄 수 있는친구","2023-05-15 14:01:17"
1102,"파마하면 어울릴 것 같은 친구는?","2023-05-15 14:01:18"
1103,"크리스마스를 같이 보내고 싶은 친구","2023-05-15 14:01:18"
1104,"성별이 바뀐게 더 잘어울릴 것 같은 사람은?","2023-05-15 14:01:19"
1105,"전세계 사람들과 친해질 수 있을 것 같은 사람은?","2023-05-15 14:01:19"
1106,"잠옷이 제일 귀여울 것 같은 사람은?","2023-05-15 14:01:19"
1107,"졸업사진 제일 잘나올 것 같은 사람은?","2023-05-15 14:01:20"
1108,"파자마 파티를 같이 하고 싶은 사람은?","2023-05-15 14:01:20"
